,Sequential,Parallel
10,0.4499518871307373,1.5833349227905273
110,4.806927680969238,4.283334493637085
210,11.223214626312256,7.209368705749512
310,18.45539164543152,9.883502006530762
410,22.49340534210205,12.432007551193237
510,30.38280725479126,15.152188301086426
610,38.41615033149719,17.796011209487915
710,44.58400321006775,20.862894773483276
810,46.44059753417969,23.8907470703125
910,48.086718797683716,25.560189485549927
1010,60.25880980491638,30.101391553878784
